timestamp,symbol,direction,entry_price,stop,target,shares,order_id
2026-09-21 11:06:00-04:00,NVDA,long,225.245,221.58,232.575,2728,7717318c-7f46-460a-a891-4c1ce8f3ea6c
2026-09-21 12:07:00-04:00,SPY,long,771.245,766.04,781.6550000000001,1920,be1b5a57-95b9-441b-a7a4-a1045d43dd31
2026-09-21 12:07:00-04:00,AMZN,long,257.03,254.6,261.88999999999993,4113,6c16a64c-6cd0-4c6a-ae39-bc9440038c64
2026-09-22 10:01:00-04:00,MPWR,long,1335.89,1274.46,1458.7500000000002,163,fec737d9-3043-4ab6-8d1d-5d19e293b594
2026-09-22 10:02:00-04:00,ASML,long,1724.245,1696.145,1780.4449999999997,18,3adc60f1-bedf-4423-9165-7fe4aec83418
2026-09-22 10:03:00-04:00,CTAS,long,197.295,196.75,198.38499999999996,6,1722bcf8-4b82-48a8-a8ba-06facaccf751
2026-09-23 10:21:00-04:00,BKR,long,57.82,57.02,59.419999999999995,12666,39cf474d-6cf8-4346-ac2f-4ecfad2af029
2026-09-23 10:21:00-04:00,MDLZ,long,61.61,61.17,62.489999999999995,286,6588e0bd-ded6-4971-8503-5d04c58ed4f7
2026-09-23 10:28:00-04:00,CMCSA,long,22.485,22.185,23.085,1,d2ae086f-b680-442b-8572-43006b796c47
2026-09-24 09:59:00-04:00,MDLZ,long,62.16,61.515,63.44999999999999,2,79c55df7-a7db-48d4-af06-c332f28333d8
2026-10-01 09:40:00-04:00,AMD,long,616.59,606.84,636.09,162,caacd6bc-6db5-449c-a457-9ddf6d64c18b
2026-10-01 09:40:00-04:00,KDP,long,30.73,30.375,31.44,3254,c4b93a6e-c983-49f9-8131-6d164c31e3f3
2026-10-01 09:43:00-04:00,CRWD,long,264.225,259.42,273.83500000000004,378,bddcb5bf-bee5-480a-9e0c-5598f8a56a41
2026-10-01 09:44:00-04:00,DXCM,long,87.575,86.195,90.33500000000002,1141,42dab9c3-e250-40d3-8dca-1156968cfeef
2026-10-01 09:49:00-04:00,LITE,long,995.23,967.36,1050.97,91,85ec90b0-8a35-485b-8a68-61818fa4db01
2026-10-01 09:49:00-04:00,MNST,long,41.82,41.49,42.48,2391,3b63cdd7-bc2f-4879-9534-fca1e1fe6889
2026-10-05 09:41:00-04:00,MSFT,long,530.75,521.91,544.01,188,655adec7-014f-4211-afc8-0cf0e5b7edc3
2026-10-06 09:40:00-04:00,FAST,long,50.975,50.53,51.865,1961,eb987345-412d-4e5d-983b-27f6c69450b2
2026-10-06 09:40:00-04:00,LITE,long,1100.93,1086.135,1130.5200000000002,90,cdff5a67-4620-43d9-b5ac-0a51cd80a2fc
2026-10-06 09:41:00-04:00,INTU,long,287.27,284.91,291.9899999999999,348,3fb7ba2b-7993-4ccf-b7a8-f48e8a9214cc
2026-10-06 09:41:00-04:00,SBUX,long,94.53,94.02,95.55000000000001,1057,3133f18c-5724-4c53-8050-1f465a470542
2026-10-06 09:42:00-04:00,AXON,long,420.94,412.96,436.90000000000003,237,644eb53a-6f28-4a1e-9e21-46e0d2b1fcaf
2026-10-06 09:42:00-04:00,AVGO,long,367.785,364.06,375.23500000000007,271,bc9261c4-8aba-4d02-bda5-4f1469e9f445
2026-10-06 09:42:00-04:00,PANW,long,428.205,412.795,459.0249999999999,166,64a16cf3-58cc-4fd7-a92e-6946972204e1
